City_ID,City,Country,Date,Lat,Lng,Max Temp,Humidity,Cloudiness,Wind Speed,Current Description
0,Nemuro,JP,2021-11-07 06:38:25,43.3236,145.575,46.83,83,100,18.03,light rain
1,Narsaq,GL,2021-11-07 06:38:45,60.9167,-46.05,34.02,67,100,10.2,overcast clouds
2,Port Alfred,ZA,2021-11-07 06:38:06,-33.5906,26.891,63.32,91,100,12.75,light rain
3,Atuona,PF,2021-11-07 06:37:43,-9.8,-139.0333,78.3,70,0,16.49,clear sky
4,Kavieng,PG,2021-11-07 06:39:48,-2.5744,150.7967,83.8,76,10,13.96,light rain
5,Provideniya,RU,2021-11-07 06:39:10,64.3833,-173.3,17.98,90,85,8.61,overcast clouds
6,Ribeira Brava,PT,2021-11-07 06:45:50,32.65,-17.0667,66.83,55,0,11.86,clear sky
7,Caravelas,BR,2021-11-07 06:38:53,-17.7125,-39.2481,71.01,86,100,3.51,overcast clouds
8,Tuktoyaktuk,CA,2021-11-07 06:37:53,69.4541,-133.0374,6.66,95,9,7.38,clear sky
9,Kijang,KR,2021-11-07 06:45:50,35.2442,129.2139,71.33,56,1,17.31,clear sky
10,Tias,ES,2021-11-07 06:45:51,28.9611,-13.645,65.95,55,40,17.27,scattered clouds
11,Sovetskaya Gavan,RU,2021-11-07 06:45:51,48.9723,140.2878,32.58,32,0,9.51,clear sky
12,Vaini,TO,2021-11-07 06:37:29,-21.2,-175.2,78.96,94,75,6.91,broken clouds
13,Gornyy,RU,2021-11-07 06:45:51,55.1153,83.9059,29.79,92,100,21.12,light snow
14,Santa Fe Do Sul,BR,2021-11-07 06:45:52,-20.2111,-50.9258,74.44,74,99,4.97,overcast clouds
15,Harper,LR,2021-11-07 06:38:35,4.375,-7.7169,77.79,86,100,2.89,overcast clouds
16,Nikolskoye,RU,2021-11-07 06:38:05,59.7035,30.7861,39.87,85,100,6.78,overcast clouds
17,Jamestown,US,2021-11-07 06:37:39,42.097,-79.2353,40.59,78,1,1.01,clear sky
18,Barrow,US,2021-11-07 06:33:31,71.2906,-156.7887,10.42,92,90,5.75,fog
19,Nanortalik,GL,2021-11-07 06:37:25,60.1432,-45.2371,28.45,66,100,9.44,overcast clouds
20,Vogar,IS,2021-11-07 06:45:53,63.9832,-22.3874,35.64,93,75,6.91,broken clouds
21,Ushuaia,AR,2021-11-07 06:37:22,-54.8,-68.3,40.66,93,40,6.91,light intensity drizzle
22,Bredasdorp,ZA,2021-11-07 06:37:45,-34.5322,20.0403,60.28,63,100,2.3,overcast clouds
23,Esperance,AU,2021-11-07 06:37:50,-33.8667,121.9,66.04,57,7,14.23,clear sky
24,Busselton,AU,2021-11-07 06:37:34,-33.65,115.3333,68.09,45,100,9.42,overcast clouds
25,Yellowknife,CA,2021-11-07 06:37:37,62.456,-114.3525,31.41,92,90,8.05,light snow
26,Severo-Kurilsk,RU,2021-11-07 06:38:58,50.6789,156.125,38.32,86,100,13.13,overcast clouds
27,Itaituba,BR,2021-11-07 06:45:54,-4.2761,-55.9836,73.27,90,100,1.32,overcast clouds
28,Clyde River,CA,2021-11-07 06:38:50,70.4692,-68.5914,6.28,87,41,5.95,scattered clouds
29,Sur,OM,2021-11-07 06:40:51,22.5667,59.5289,84.43,34,0,7.49,clear sky
30,Dakar,SN,2021-11-07 06:43:50,14.6937,-17.4441,80.73,74,0,18.41,clear sky
31,Albany,US,2021-11-07 06:32:54,42.6001,-73.9662,31.98,85,1,1.63,clear sky
32,Rovaniemi,FI,2021-11-07 06:45:54,66.5,25.7167,26.01,86,0,12.66,clear sky
33,Mataura,NZ,2021-11-07 06:37:24,-46.1927,168.8643,58.48,77,96,1.95,overcast clouds
34,Igrim,RU,2021-11-07 06:37:22,63.1906,64.4162,38.05,87,100,12.73,overcast clouds
35,Hun,LY,2021-11-07 06:45:55,29.1268,15.9477,72.95,28,47,8.79,scattered clouds
36,Yashan,CN,2021-11-07 06:45:55,22.1975,109.9419,86.79,53,81,3.89,broken clouds
37,Dikson,RU,2021-11-07 06:33:06,73.5069,80.5464,11.41,98,96,5.7,overcast clouds
38,Rikitea,PF,2021-11-07 06:37:30,-23.1203,-134.9692,75.45,84,100,14.54,overcast clouds
39,Hambantota,LK,2021-11-07 06:40:54,6.1241,81.1185,79.14,94,40,14.97,scattered clouds
40,Hovd,MN,2021-11-07 06:37:33,48.0056,91.6419,23.97,27,95,2.68,overcast clouds
41,Punta Arenas,CL,2021-11-07 06:33:52,-53.15,-70.9167,46.51,87,90,13.8,overcast clouds
42,Warmbad,NA,2021-11-07 06:45:56,-28.45,18.7333,65.44,32,100,2.48,overcast clouds
43,Havre-Saint-Pierre,CA,2021-11-07 06:45:57,50.2334,-63.5986,46.4,76,90,19.57,overcast clouds
44,Saint-Philippe,RE,2021-11-07 06:37:53,-21.3585,55.7679,82.22,78,36,12.01,scattered clouds
45,Carnarvon,AU,2021-11-07 06:38:10,-24.8667,113.6333,75.27,57,0,23.02,clear sky
46,Butaritari,KI,2021-11-07 06:38:17,3.0707,172.7902,81.99,65,86,10.04,overcast clouds
47,Bissau,GW,2021-11-07 06:45:57,11.8636,-15.5977,79.34,79,12,7.0,few clouds
48,Cayenne,GF,2021-11-07 06:39:07,4.9333,-52.3333,77.09,90,75,1.99,broken clouds
49,Victoria,HK,2021-11-07 06:38:06,22.2855,114.1577,86.05,88,25,1.01,scattered clouds
50,Bethel,US,2021-11-07 06:37:54,41.3712,-73.414,38.91,88,1,0.0,clear sky
51,Hobart,AU,2021-11-07 06:37:49,-42.8794,147.3294,59.02,57,75,10.36,broken clouds
52,Zittau,DE,2021-11-07 06:45:58,50.9,14.8333,41.59,86,98,13.0,overcast clouds
53,Itoman,JP,2021-11-07 06:45:59,26.1247,127.6694,80.98,63,20,16.11,few clouds
54,Mana,GF,2021-11-07 06:41:05,5.6592,-53.7767,76.89,89,100,7.63,overcast clouds
55,Poum,NC,2021-11-07 06:38:29,-20.2333,164.0167,74.17,72,44,10.22,scattered clouds
56,Port Elizabeth,ZA,2021-11-07 06:37:48,-33.918,25.5701,63.1,82,75,16.11,broken clouds
57,New Norfolk,AU,2021-11-07 06:38:00,-42.7826,147.0587,58.66,50,90,3.0,overcast clouds
58,Kalabo,ZM,2021-11-07 06:45:59,-14.97,22.6814,88.5,28,11,7.45,few clouds
59,Constitucion,CL,2021-11-07 06:37:16,-35.3333,-72.4167,49.46,91,44,5.03,scattered clouds
60,Upernavik,GL,2021-11-07 06:38:46,72.7868,-56.1549,12.04,84,89,5.39,overcast clouds
61,Arraial Do Cabo,BR,2021-11-07 06:33:42,-22.9661,-42.0278,67.75,78,17,5.26,few clouds
62,Turinsk,RU,2021-11-07 06:46:00,58.0458,63.696,37.51,77,100,14.85,overcast clouds
63,Zonguldak,TR,2021-11-07 06:46:00,41.25,31.8333,49.05,54,100,2.21,overcast clouds
64,Bluff,NZ,2021-11-07 06:37:31,-46.6,168.3333,58.8,80,66,12.93,broken clouds
65,Manggar,ID,2021-11-07 06:46:01,-2.8833,108.2667,84.52,72,87,3.24,overcast clouds
66,Cape Town,ZA,2021-11-07 06:37:44,-33.9258,18.4232,64.11,63,0,4.0,clear sky
67,Fortuna,US,2021-11-07 06:38:11,40.5982,-124.1573,47.35,69,90,5.01,overcast clouds
68,Isangel,VU,2021-11-07 06:37:52,-19.55,169.2667,75.31,69,100,8.05,overcast clouds
69,Ribeira Grande,PT,2021-11-07 06:38:28,38.5167,-28.7,69.66,87,21,26.98,few clouds
70,Tateyama,JP,2021-11-07 06:46:02,34.9833,139.8667,68.02,73,100,13.31,light rain
71,Wahiawa,US,2021-11-07 06:44:41,21.5028,-158.0236,75.52,71,40,8.05,scattered clouds
72,Biltine,TD,2021-11-07 06:46:02,14.5333,20.9167,85.24,16,0,12.62,clear sky
73,East London,ZA,2021-11-07 06:37:25,-33.0153,27.9116,63.54,100,90,8.05,light rain
74,Qaanaaq,GL,2021-11-07 06:38:27,77.484,-69.3632,5.41,70,51,6.4,broken clouds
75,Port Hardy,CA,2021-11-07 06:40:16,50.6996,-127.4199,44.6,100,40,3.44,light rain
76,Yeppoon,AU,2021-11-07 06:41:06,-23.1333,150.7333,83.98,68,100,15.75,overcast clouds
77,Kloulklubed,PW,2021-11-07 06:39:39,7.0419,134.2556,84.7,73,95,11.77,overcast clouds
78,Huntsville,US,2021-11-07 06:44:09,34.7304,-86.5861,44.46,89,1,1.01,mist
79,Surskoye,RU,2021-11-07 06:46:03,54.4821,46.7214,41.76,84,100,19.93,overcast clouds
80,Faanui,PF,2021-11-07 06:46:03,-16.4833,-151.75,79.92,73,95,9.69,overcast clouds
81,Hammerfest,NO,2021-11-07 06:46:04,70.6634,23.6821,30.65,69,20,4.61,light snow
82,Farafangana,MG,2021-11-07 06:46:04,-22.8167,47.8333,76.59,76,82,10.92,light rain
83,Kaitangata,NZ,2021-11-07 06:37:41,-46.2817,169.8464,56.93,73,88,2.8,overcast clouds
84,Lavrentiya,RU,2021-11-07 06:39:47,65.5833,-171.0,10.29,95,100,5.82,overcast clouds
85,Muyezerskiy,RU,2021-11-07 06:46:05,63.9333,31.65,32.2,94,96,5.03,overcast clouds
86,Chililabombwe,ZM,2021-11-07 06:46:05,-12.3648,27.8229,83.55,23,18,9.44,few clouds
87,Prainha,BR,2021-11-07 06:46:05,-1.8,-53.48,73.04,97,96,0.76,overcast clouds
88,Meulaboh,ID,2021-11-07 06:38:09,4.1363,96.1285,81.55,83,100,10.38,light rain
89,Muzhi,RU,2021-11-07 06:46:06,65.3667,64.6667,36.52,98,100,15.01,overcast clouds
90,Puerto Ayora,EC,2021-11-07 06:37:22,-0.7393,-90.3518,68.52,80,27,8.61,scattered clouds
91,Oga,IT,2021-11-07 06:46:06,46.4631,10.347,23.68,57,0,0.72,clear sky
92,Bathsheba,BB,2021-11-07 06:40:36,13.2167,-59.5167,81.21,78,40,14.97,scattered clouds
93,Gazojak,TM,2021-11-07 06:46:07,41.1875,61.4036,44.76,14,6,3.04,clear sky
94,Yaan,NG,2021-11-07 06:39:08,7.3833,8.5667,75.74,85,100,3.51,overcast clouds
95,Miri,MY,2021-11-07 06:46:07,4.4148,114.0089,87.94,74,40,6.91,scattered clouds
96,Grindavik,IS,2021-11-07 06:46:08,63.8424,-22.4338,35.55,93,75,6.91,broken clouds
97,Luderitz,NA,2021-11-07 06:38:26,-26.6481,15.1594,65.71,50,100,19.82,overcast clouds
98,Leningradskiy,RU,2021-11-07 06:37:36,69.3833,178.4167,5.99,79,100,7.34,overcast clouds
99,Evensk,RU,2021-11-07 06:38:32,61.95,159.2333,30.54,86,98,10.56,light snow
100,Dzaoudzi,YT,2021-11-07 06:46:09,-12.7887,45.2699,87.69,62,20,11.5,few clouds
101,Hilo,US,2021-11-07 06:37:48,19.7297,-155.09,74.93,76,90,3.44,light rain
102,Myaundzha,RU,2021-11-07 06:46:09,63.0494,147.1858,4.71,97,100,7.58,snow
103,Kyaukse,MM,2021-11-07 06:46:10,21.6,96.1333,85.32,65,47,6.04,scattered clouds
104,Hasaki,JP,2021-11-07 06:38:08,35.7333,140.8333,64.8,67,100,10.78,overcast clouds
105,Shaki,AZ,2021-11-07 06:46:10,41.0833,47.1667,52.59,58,7,2.91,clear sky
106,Rocha,UY,2021-11-07 06:40:27,-34.4833,-54.3333,47.62,91,15,3.2,few clouds
107,Samarai,PG,2021-11-07 06:46:10,-10.6167,150.6667,84.7,71,6,13.22,clear sky
108,Jacmel,HT,2021-11-07 06:40:35,18.2342,-72.5347,76.84,87,26,3.0,scattered clouds
109,Lebu,CL,2021-11-07 06:37:36,-37.6167,-73.65,50.22,91,57,14.56,broken clouds
110,Ponta Do Sol,PT,2021-11-07 06:39:42,32.6667,-17.1,66.83,55,0,11.01,clear sky
111,Zabaykalsk,RU,2021-11-07 06:46:11,49.6333,117.3167,25.9,34,3,10.2,clear sky
112,Sozopol,BG,2021-11-07 06:46:12,42.4167,27.7,59.34,86,100,7.2,overcast clouds
113,Xining,CN,2021-11-07 06:36:19,36.6167,101.7667,29.05,35,0,4.34,clear sky
114,Beyneu,KZ,2021-11-07 06:38:05,45.3167,55.2,44.46,25,1,9.93,clear sky
115,Katsuura,JP,2021-11-07 06:37:45,35.1333,140.3,70.11,76,100,10.83,light rain
116,Sao Filipe,CV,2021-11-07 06:37:29,14.8961,-24.4956,77.45,73,99,8.66,overcast clouds
117,Zima,RU,2021-11-07 06:46:12,53.9202,102.0442,31.48,76,93,6.22,overcast clouds
118,Corinto,GR,2021-11-07 06:46:13,37.9407,22.9573,68.68,67,100,5.68,overcast clouds
119,Yakeshi,CN,2021-11-07 06:46:13,49.2833,120.7333,24.89,32,2,10.87,clear sky
120,Ketchikan,US,2021-11-07 06:38:30,55.3422,-131.6461,36.07,100,90,0.0,overcast clouds
121,Hue,VN,2021-11-07 06:46:13,16.4667,107.6,86.11,66,20,10.36,few clouds
122,Pa Daet,TH,2021-11-07 06:46:14,19.5049,99.9924,88.09,59,29,1.52,scattered clouds
123,Nyurba,RU,2021-11-07 06:40:47,63.2842,118.3319,13.03,90,100,9.26,overcast clouds
124,Codrington,AU,2021-11-07 06:37:51,-38.2667,141.9667,55.04,60,1,10.69,clear sky
125,Salinas,US,2021-11-07 06:46:03,36.6777,-121.6555,58.1,83,1,10.36,clear sky
126,Banda Aceh,ID,2021-11-07 06:37:38,5.5577,95.3222,81.79,79,98,4.32,overcast clouds
127,Tautira,PF,2021-11-07 06:41:00,-17.7333,-149.15,78.82,81,14,8.57,light rain
128,Gwembe,ZM,2021-11-07 06:46:15,-16.4975,27.6069,88.07,20,5,9.15,clear sky
129,Poplar Bluff,US,2021-11-07 06:46:15,36.757,-90.3929,40.78,100,1,0.0,clear sky
130,Kapaa,US,2021-11-07 06:37:28,22.0752,-159.319,76.98,81,90,10.36,light rain
131,Itoigawa,JP,2021-11-07 06:46:15,37.0333,137.85,60.73,73,0,9.95,clear sky
132,Erzin,TR,2021-11-07 06:46:16,36.9559,36.2,68.52,22,3,1.7,clear sky
133,Baykalsk,RU,2021-11-07 06:46:16,51.5058,104.1469,33.85,77,91,6.62,overcast clouds
134,Georgetown,MY,2021-11-07 06:37:24,5.4112,100.3354,89.55,71,20,1.01,few clouds
135,Morant Bay,JM,2021-11-07 06:46:16,17.8815,-76.4093,82.02,84,100,4.74,overcast clouds
136,Airai,TL,2021-11-07 06:37:33,-8.9266,125.4092,70.0,73,97,1.77,light rain
137,Altamira,BR,2021-11-07 06:46:17,-3.2033,-52.2064,71.29,96,100,2.24,overcast clouds
138,Syumsi,RU,2021-11-07 06:46:17,57.1111,51.6149,41.88,88,100,9.86,light rain
139,Tokur,RU,2021-11-07 06:46:17,53.1333,132.9,12.06,67,96,8.93,overcast clouds
140,Hermanus,ZA,2021-11-07 06:37:25,-34.4187,19.2345,62.91,62,100,6.06,overcast clouds
141,Westport,US,2021-11-07 06:46:18,41.1415,-73.3579,46.15,80,1,2.55,clear sky
142,Cabo San Lucas,MX,2021-11-07 06:37:50,22.8909,-109.9124,77.5,50,3,8.84,clear sky
143,Majene,ID,2021-11-07 06:46:18,-3.5403,118.9707,84.67,76,87,6.91,overcast clouds
144,Castro,BR,2021-11-07 06:38:19,-24.7911,-50.0119,61.81,98,98,5.5,overcast clouds
145,Rio Gallegos,AR,2021-11-07 06:46:19,-51.6226,-69.2181,48.25,81,90,3.44,light rain
146,Barrhead,GB,2021-11-07 06:39:25,55.7992,-4.3929,49.53,77,75,5.99,broken clouds
147,Saint George,US,2021-11-07 06:37:35,37.1041,-113.5841,67.35,32,1,1.99,clear sky
148,Lagoa,PT,2021-11-07 06:39:37,39.05,-27.9833,68.47,83,80,28.61,broken clouds
149,Gushikawa,JP,2021-11-07 06:46:20,26.3544,127.8686,80.19,63,1,23.02,clear sky
150,Kyzyl-Suu,KG,2021-11-07 06:46:20,42.3414,78.0056,32.16,71,3,1.59,clear sky
151,Touros,BR,2021-11-07 06:38:14,-5.1989,-35.4608,79.7,80,6,11.68,clear sky
152,Cockburn Town,TC,2021-11-07 06:39:36,21.4612,-71.1419,83.32,73,46,15.52,scattered clouds
153,Nangomba,TZ,2021-11-07 06:46:20,-10.9,38.5,89.94,37,100,4.05,overcast clouds
154,Lamar,US,2021-11-07 06:46:21,33.6668,-95.5836,48.52,86,1,5.75,clear sky
155,Alofi,NU,2021-11-07 06:38:22,-19.0595,-169.9187,76.89,83,95,11.5,overcast clouds
156,Peniche,PT,2021-11-07 06:46:21,39.3558,-9.3811,53.62,79,0,12.57,clear sky
157,Nordfjordeid,NO,2021-11-07 06:46:22,61.9063,5.9915,46.35,84,94,3.29,overcast clouds
158,Korhogo,CI,2021-11-07 06:39:01,9.45,-5.6333,73.56,84,9,3.4,clear sky
159,Kyra,RU,2021-11-07 06:46:22,49.5776,111.9753,28.04,38,17,6.67,few clouds
160,Shakiso,ET,2021-11-07 06:46:22,5.75,38.9167,63.57,84,100,1.61,light rain
161,Mutis,CO,2021-11-07 06:46:23,6.2262,-77.4044,77.31,88,86,4.27,moderate rain
162,Muros,ES,2021-11-07 06:37:46,42.7762,-9.0603,51.1,82,1,10.71,clear sky
163,Makakilo City,US,2021-11-07 06:40:24,21.3469,-158.0858,77.32,65,1,5.75,clear sky
164,Bubaque,GW,2021-11-07 06:39:18,11.2833,-15.8333,83.37,74,5,9.37,clear sky
165,Natal,BR,2021-11-07 06:46:00,-5.795,-35.2094,80.82,83,20,8.05,few clouds
166,Effingham,US,2021-11-07 06:46:24,32.3669,-81.3332,53.83,96,100,15.01,moderate rain
167,Avarua,CK,2021-11-07 06:37:32,-21.2078,-159.775,73.45,73,40,10.36,scattered clouds
168,Canavieiras,BR,2021-11-07 06:46:24,-15.675,-38.9472,71.62,95,100,5.26,overcast clouds
169,Kodiak,US,2021-11-07 06:38:31,57.79,-152.4072,30.02,69,15,8.93,few clouds
170,Biak,ID,2021-11-07 06:46:24,-0.9131,122.8766,82.76,77,99,3.31,light rain
171,Tasiilaq,GL,2021-11-07 06:37:34,65.6145,-37.6368,24.96,76,52,8.66,broken clouds
172,Antalaha,MG,2021-11-07 06:46:25,-14.9003,50.2788,84.72,55,14,11.34,few clouds
173,Pangnirtung,CA,2021-11-07 06:39:59,66.1451,-65.7125,26.6,50,75,4.61,broken clouds
174,Astana,KZ,2021-11-07 06:46:25,51.1801,71.446,28.35,54,0,11.18,clear sky
175,Labuhan,ID,2021-11-07 06:46:26,-6.8844,112.2051,88.95,58,98,9.95,overcast clouds
176,Pailon,BO,2021-11-07 06:46:27,-17.65,-62.75,63.5,64,99,8.43,overcast clouds
177,Thomasville,US,2021-11-07 06:46:27,35.8826,-80.082,49.89,70,100,1.01,overcast clouds
178,Klaksvik,FO,2021-11-07 06:37:28,62.2266,-6.589,45.52,95,100,29.39,overcast clouds
179,Nogales,MX,2021-11-07 06:46:28,31.3086,-110.9422,66.69,35,1,4.61,clear sky
180,Vila Velha,BR,2021-11-07 06:35:47,-20.3297,-40.2925,73.35,84,75,1.99,broken clouds
181,Chuy,UY,2021-11-07 06:37:42,-33.6971,-53.4616,52.27,82,15,4.18,few clouds
182,Srednekolymsk,RU,2021-11-07 06:38:23,67.45,153.6833,0.37,98,100,2.55,overcast clouds
183,Port Blair,IN,2021-11-07 06:38:34,11.6667,92.75,84.52,69,43,11.1,scattered clouds
184,Lata,PT,2021-11-07 06:38:20,40.1629,-8.3327,50.81,73,0,4.63,clear sky
185,Cidreira,BR,2021-11-07 06:38:12,-30.1811,-50.2056,62.51,70,37,6.89,scattered clouds
186,Ust-Nera,RU,2021-11-07 06:39:19,64.5667,143.2,-6.05,93,100,3.53,overcast clouds
187,Coquimbo,CL,2021-11-07 06:37:29,-29.9533,-71.3436,53.33,82,0,3.44,clear sky
188,Balkanabat,TM,2021-11-07 06:46:29,39.5108,54.3671,50.61,31,36,2.91,scattered clouds
189,Atherton,GB,2021-11-07 06:40:45,53.5237,-2.4935,50.7,71,100,5.99,overcast clouds
190,Dharchula,IN,2021-11-07 06:46:29,29.85,80.5333,72.0,27,4,6.33,clear sky
191,San Cristobal,VE,2021-11-07 06:39:38,7.7669,-72.225,64.33,90,93,2.04,overcast clouds
192,Charlestown,AU,2021-11-07 06:46:30,-32.95,151.6667,73.81,80,100,1.99,light rain
193,Mortka,RU,2021-11-07 06:46:30,59.3322,66.0214,36.34,85,100,14.83,overcast clouds
194,Kahului,US,2021-11-07 06:37:45,20.8947,-156.47,77.02,78,20,12.66,few clouds
195,Mehamn,NO,2021-11-07 06:38:13,71.0357,27.8492,32.09,75,100,15.39,light snow
196,Ossora,RU,2021-11-07 06:46:31,59.2353,163.0719,15.57,96,49,4.92,scattered clouds
197,Oyama,JP,2021-11-07 06:46:31,36.3,139.8,67.82,51,14,8.34,few clouds
198,Salalah,OM,2021-11-07 06:37:49,17.0151,54.0924,84.29,54,0,2.3,clear sky
199,College,US,2021-11-07 06:38:42,64.8569,-147.8028,26.55,90,90,0.0,light snow
200,Adrar,MR,2021-11-07 06:40:26,20.5022,-10.0711,65.14,33,8,6.87,clear sky
201,Avera,US,2021-11-07 06:40:23,33.194,-82.5271,51.67,60,100,14.58,overcast clouds
202,Diapaga,BF,2021-11-07 06:46:32,12.0708,1.7889,79.02,26,10,2.53,clear sky
203,Walvis Bay,NA,2021-11-07 06:46:32,-22.9575,14.5053,56.35,88,6,12.66,clear sky
204,Auki,SB,2021-11-07 06:46:32,-8.7676,160.7034,81.05,70,5,1.28,clear sky
205,Kununurra,AU,2021-11-07 06:39:13,-15.7667,128.7333,94.98,49,19,5.75,few clouds
206,Honningsvag,NO,2021-11-07 06:46:33,70.9821,25.9704,35.47,65,100,20.0,light rain
207,Amapa,BR,2021-11-07 06:46:33,1.0,-52.0,70.77,99,82,1.48,broken clouds
208,Essau,GM,2021-11-07 06:46:33,13.4839,-16.5347,77.16,57,93,12.82,overcast clouds
209,Nanakuli,US,2021-11-07 06:46:34,21.3906,-158.1547,78.75,64,1,5.75,clear sky
210,Cherskiy,RU,2021-11-07 06:39:28,68.75,161.3,-3.24,100,100,4.34,overcast clouds
211,Hithadhoo,MV,2021-11-07 06:37:40,-0.6,73.0833,82.92,70,79,14.63,broken clouds
212,Saint-Joseph,RE,2021-11-07 06:46:34,-21.3667,55.6167,81.21,74,24,9.4,few clouds
213,Broome,US,2021-11-07 06:38:49,42.2506,-75.833,36.99,74,5,2.64,clear sky
214,Guerrero Negro,MX,2021-11-07 06:38:55,27.9769,-114.0611,64.74,89,90,9.46,overcast clouds
215,Horconcitos,PA,2021-11-07 06:46:35,8.4682,-81.8007,65.08,94,33,4.03,scattered clouds
216,Umm Lajj,SA,2021-11-07 06:46:35,25.0213,37.2685,84.74,33,0,5.79,clear sky
217,Lyngdal,NO,2021-11-07 06:46:36,58.1376,7.07,50.0,80,100,16.08,overcast clouds
218,Chaihe,CN,2021-11-07 06:46:36,44.7667,129.7,30.74,82,100,4.56,light snow
219,Bima,ID,2021-11-07 06:46:36,-8.4667,118.7167,88.77,65,100,3.91,overcast clouds
220,Misratah,LY,2021-11-07 06:46:36,32.3754,15.0925,74.21,42,100,11.56,overcast clouds
221,Chokurdakh,RU,2021-11-07 06:37:32,70.6333,147.9167,-12.24,96,50,7.81,scattered clouds
222,Port Lincoln,AU,2021-11-07 06:37:56,-34.7333,135.8667,59.58,58,64,15.61,broken clouds
223,Bengkulu,ID,2021-11-07 06:37:02,-3.8004,102.2655,84.6,61,100,10.85,overcast clouds
224,Namatanai,PG,2021-11-07 06:38:04,-3.6667,152.4333,82.36,76,5,10.22,light rain
225,Shimoda,JP,2021-11-07 06:40:55,34.6667,138.95,64.76,73,100,16.53,moderate rain
226,Luau,AO,2021-11-07 06:39:10,-10.7073,22.2247,78.66,51,17,4.23,few clouds
227,Pevek,RU,2021-11-07 06:39:59,69.7008,170.3133,9.95,79,100,13.56,overcast clouds
228,Hofn,IS,2021-11-07 06:39:26,64.2539,-15.2082,38.5,72,99,8.86,overcast clouds
229,Foam Lake,CA,2021-11-07 06:46:38,51.65,-103.5343,30.22,82,2,4.07,clear sky
230,Batemans Bay,AU,2021-11-07 06:39:29,-35.7167,150.1833,73.2,94,100,6.67,light rain
231,Half Moon Bay,US,2021-11-07 06:37:39,37.4636,-122.4286,57.92,78,1,1.01,clear sky
232,Beringovskiy,RU,2021-11-07 06:39:49,63.05,179.3167,15.21,82,37,7.43,scattered clouds
233,Kang,BW,2021-11-07 06:46:38,-23.6752,22.7876,88.02,28,100,13.42,overcast clouds
234,Kushiro,JP,2021-11-07 06:46:39,42.975,144.3747,50.95,76,75,6.91,broken clouds
235,Fairbanks,US,2021-11-07 06:37:46,64.8378,-147.7164,26.56,90,90,0.0,light snow
236,Talcahuano,CL,2021-11-07 06:46:39,-36.7167,-73.1167,49.68,87,0,9.22,clear sky
237,Wanaka,NZ,2021-11-07 06:44:28,-44.7,169.15,63.0,61,87,5.86,overcast clouds
238,Sitka,US,2021-11-07 06:37:35,57.0531,-135.33,33.69,86,1,4.61,clear sky
239,Acapulco,MX,2021-11-07 06:38:09,16.8634,-99.8901,76.37,83,17,4.34,few clouds
240,Mount Isa,AU,2021-11-07 06:38:03,-20.7333,139.5,85.77,51,90,10.36,overcast clouds
241,Sarangani,PH,2021-11-07 06:46:40,5.4033,125.4636,85.12,71,82,16.08,broken clouds
242,Jalu,LY,2021-11-07 06:39:45,29.0331,21.5482,71.91,38,3,5.12,clear sky
243,Paragould,US,2021-11-07 06:46:40,36.0584,-90.4973,39.13,51,0,4.52,clear sky
244,Camana,PE,2021-11-07 06:46:41,-16.6228,-72.7111,63.63,87,77,8.95,broken clouds
245,Ilulissat,GL,2021-11-07 06:39:06,69.2167,-51.1,17.62,67,40,1.14,scattered clouds
246,Kurunegala,LK,2021-11-07 06:46:41,7.4863,80.3623,81.12,77,100,5.57,overcast clouds
247,Taltal,CL,2021-11-07 06:46:41,-25.4,-70.4833,59.16,80,21,2.06,few clouds
248,Bairiki,KI,2021-11-07 06:46:42,1.3292,172.9752,82.4,69,40,3.44,scattered clouds
249,Ende,ID,2021-11-07 06:46:42,-8.8432,121.6623,84.65,78,93,3.09,overcast clouds
250,Dzialdowo,PL,2021-11-07 06:46:42,53.2396,20.17,42.57,78,100,17.45,light rain
251,Mokobeng,BW,2021-11-07 06:46:43,-22.9965,27.6678,89.42,32,26,15.59,scattered clouds
252,Kautokeino,NO,2021-11-07 06:46:43,69.0125,23.0412,10.98,91,35,3.02,scattered clouds
253,Kasongo-Lunda,CD,2021-11-07 06:40:25,-6.4667,16.8167,76.42,83,100,1.83,overcast clouds
254,Zuwarah,LY,2021-11-07 06:46:43,32.9312,12.082,68.88,52,100,7.7,overcast clouds
255,Tiksi,RU,2021-11-07 06:37:47,71.6872,128.8694,2.82,85,100,17.34,overcast clouds
256,Boddam,GB,2021-11-07 06:46:44,57.4667,-1.7833,46.78,71,35,45.25,scattered clouds
257,Saldanha,ZA,2021-11-07 06:37:38,-33.0117,17.9442,60.87,63,100,16.87,overcast clouds
258,Saint Anthony,US,2021-11-07 06:40:51,45.0205,-93.218,53.71,77,1,1.99,clear sky
259,Pacific Grove,US,2021-11-07 06:34:59,36.6177,-121.9166,57.69,83,1,4.0,clear sky
260,Sabang,ID,2021-11-07 06:46:45,5.8933,95.3214,81.19,76,100,3.85,overcast clouds
261,Corning,US,2021-11-07 06:46:45,42.1428,-77.0547,37.99,84,1,0.0,clear sky
262,Nyazepetrovsk,RU,2021-11-07 06:46:45,56.0531,59.6028,30.49,94,100,12.41,light snow
263,Ibatiba,BR,2021-11-07 06:46:46,-20.2339,-41.5106,63.18,98,100,2.01,overcast clouds
264,Chapada Dos Guimaraes,BR,2021-11-07 06:46:46,-15.4606,-55.7497,62.26,98,99,3.89,overcast clouds
265,Tagusao,PH,2021-11-07 06:46:46,9.1924,117.8141,85.14,69,28,7.92,scattered clouds
266,Rio Claro,BR,2021-11-07 06:46:47,-22.4114,-47.5614,69.78,70,99,6.89,overcast clouds
267,Cobija,BO,2021-11-07 06:46:47,-11.0267,-68.7692,69.57,99,100,3.15,light rain
268,Mangan,IN,2021-11-07 06:46:48,27.5167,88.5333,73.38,57,85,7.2,overcast clouds
269,Saint-Augustin,CA,2021-11-07 06:39:55,51.226,-58.6502,36.37,81,100,11.77,overcast clouds
270,Negotino,MK,2021-11-07 06:46:48,41.4839,22.0892,50.86,70,100,1.9,overcast clouds
271,Terrace,CA,2021-11-07 06:46:49,54.5163,-128.6035,37.31,100,75,6.91,mist
272,Bilma,NE,2021-11-07 06:38:51,18.6853,12.9164,78.84,13,69,6.76,broken clouds
273,Mount Gambier,AU,2021-11-07 06:38:48,-37.8333,140.7667,60.71,55,90,13.8,overcast clouds
274,Talnakh,RU,2021-11-07 06:38:19,69.4865,88.3972,23.74,96,100,13.02,snow
275,Darhan,MN,2021-11-07 06:46:49,49.4867,105.9228,24.24,44,100,5.06,overcast clouds
276,Carutapera,BR,2021-11-07 06:46:50,-1.195,-46.02,77.43,90,99,4.0,overcast clouds
277,Homer,US,2021-11-07 06:46:50,59.6425,-151.5483,33.67,69,40,5.75,scattered clouds
278,Mahebourg,MU,2021-11-07 06:37:27,-20.4081,57.7,80.89,69,75,11.5,broken clouds
279,Sakakah,SA,2021-11-07 06:40:17,29.9697,40.2064,65.77,30,0,2.35,clear sky
280,Tatawin,TN,2021-11-07 06:46:51,32.9297,10.4518,59.88,35,100,6.35,overcast clouds
281,Wamba,NG,2021-11-07 06:46:51,8.9333,8.6,77.92,63,100,0.58,overcast clouds
282,San Carlos,VE,2021-11-07 06:46:51,9.6612,-68.5827,73.31,81,99,2.73,overcast clouds
283,Neyshabur,IR,2021-11-07 06:46:52,36.2133,58.7958,46.42,15,100,2.08,overcast clouds
284,Acari,PE,2021-11-07 06:46:52,-15.4311,-74.6158,66.27,73,100,3.8,overcast clouds
285,San Patricio,US,2021-11-07 06:40:29,28.017,-97.5169,64.83,72,0,2.77,clear sky
286,Ixtapa,MX,2021-11-07 06:40:14,20.7,-105.2,71.74,90,100,3.22,overcast clouds
287,Catamarca,AR,2021-11-07 06:46:52,-28.4696,-65.7852,62.78,74,0,3.78,clear sky
288,Bambous Virieux,MU,2021-11-07 06:38:50,-20.3428,57.7575,80.85,69,75,11.5,broken clouds
289,The Valley,AI,2021-11-07 06:39:17,18.217,-63.0578,80.46,63,41,12.91,scattered clouds
290,Gondar,ET,2021-11-07 06:46:53,12.6,37.4667,61.11,66,100,1.68,overcast clouds
291,Inhambane,MZ,2021-11-07 06:45:49,-23.865,35.3833,78.78,83,75,5.01,broken clouds
292,Bambanglipuro,ID,2021-11-07 06:37:55,-7.95,110.2833,68.61,78,100,4.5,moderate rain
293,Oriximina,BR,2021-11-07 06:46:53,-1.7656,-55.8661,73.83,96,99,3.76,overcast clouds
294,Yushan,CN,2021-11-07 06:46:54,31.3776,120.9543,71.49,86,100,19.73,light rain
295,Nizhnevartovsk,RU,2021-11-07 06:46:54,60.9344,76.5531,32.02,100,90,15.66,snow
296,Pontianak,ID,2021-11-07 06:46:54,-0.0333,109.3333,84.18,74,75,3.44,broken clouds
297,Asau,RO,2021-11-07 06:38:12,46.4333,26.4,46.76,79,100,2.17,light rain
298,Bull Savanna,JM,2021-11-07 06:46:55,17.8868,-77.5902,75.29,88,100,5.14,overcast clouds
299,Izmaylovo,RU,2021-11-07 06:46:55,53.7211,47.2458,43.3,76,78,16.71,broken clouds
300,Thompson,CA,2021-11-07 06:37:26,55.7435,-97.8558,32.16,100,90,2.3,overcast clouds
301,Uinskoye,RU,2021-11-07 06:46:56,56.8817,56.5813,33.82,97,100,13.6,overcast clouds
302,Sioux Lookout,CA,2021-11-07 06:38:20,50.1001,-91.917,41.38,100,1,4.61,clear sky
303,Jizan,SA,2021-11-07 06:42:10,17.3333,42.6667,88.74,46,0,2.77,clear sky
304,Mar Del Plata,AR,2021-11-07 06:36:02,-38.0023,-57.5575,49.08,93,0,0.0,clear sky
305,Lorengau,PG,2021-11-07 06:38:53,-2.0226,147.2712,84.74,71,5,8.48,clear sky
306,Camacupa,AO,2021-11-07 06:39:01,-12.0167,17.4833,74.88,51,100,2.71,overcast clouds
307,Kalininsk,RU,2021-11-07 06:46:57,51.5,44.4758,44.4,75,99,15.52,overcast clouds
308,Ostuacan,MX,2021-11-07 06:46:57,17.4167,-93.3,62.65,94,99,4.03,overcast clouds
309,Marzuq,YE,2021-11-07 06:40:20,14.4,46.4667,75.52,17,3,2.51,clear sky
310,Necochea,AR,2021-11-07 06:46:57,-38.5473,-58.7368,45.03,73,100,7.49,overcast clouds
311,Bardiyah,LY,2021-11-07 06:46:58,31.7561,25.0865,70.41,74,90,6.76,overcast clouds
312,Yen Bai,VN,2021-11-07 06:46:58,21.7,104.8667,83.5,74,48,2.77,scattered clouds
313,Nizhnyaya Tavda,RU,2021-11-07 06:46:58,57.6731,66.1725,38.39,61,100,15.03,overcast clouds
314,Sangar,RU,2021-11-07 06:40:58,63.9242,127.4739,-7.98,100,100,2.62,overcast clouds
315,Ariquemes,BR,2021-11-07 06:35:58,-9.9133,-63.0408,70.74,99,86,0.74,overcast clouds
316,Nisia Floresta,BR,2021-11-07 06:46:59,-6.0911,-35.2086,80.98,87,74,6.62,broken clouds
317,Longyearbyen,SJ,2021-11-07 06:38:47,78.2186,15.6401,15.64,62,75,6.91,broken clouds
318,Turukhansk,RU,2021-11-07 06:38:59,65.8167,87.9833,32.22,98,100,16.51,snow
319,Petropavlovsk-Kamchatskiy,RU,2021-11-07 06:38:04,53.0452,158.6483,30.79,74,75,4.47,broken clouds
320,Plettenberg Bay,ZA,2021-11-07 06:37:47,-34.0527,23.3716,62.2,70,100,4.18,overcast clouds
321,Okha,RU,2021-11-07 06:38:47,53.5739,142.9478,26.2,71,100,25.46,overcast clouds
322,Teya,RU,2021-11-07 06:47:00,60.3778,92.6267,26.96,88,100,15.95,light snow
323,Hamilton,US,2021-11-07 06:37:10,39.1834,-84.5333,41.77,79,1,0.0,clear sky
324,Coihaique,CL,2021-11-07 06:34:04,-45.5752,-72.0662,51.75,71,90,2.3,overcast clouds
325,Faro,PT,2021-11-07 06:47:00,37.0194,-7.9322,53.38,47,0,8.05,clear sky
326,Yulara,AU,2021-11-07 06:39:45,-25.2406,130.9889,76.84,57,40,9.22,scattered clouds
327,Coahuayana,MX,2021-11-07 06:44:45,18.7333,-103.6833,74.91,91,100,3.56,overcast clouds
328,Whitehorse,CA,2021-11-07 06:47:01,60.7161,-135.0538,27.37,92,20,5.01,few clouds
329,Batagay-Alyta,RU,2021-11-07 06:47:02,67.8006,130.4114,-8.18,82,100,5.55,overcast clouds
330,Verkhovazhye,RU,2021-11-07 06:47:03,60.7472,42.0465,36.37,86,100,9.28,overcast clouds
331,Amasya,TR,2021-11-07 06:47:03,40.6667,35.8333,46.08,54,95,0.78,overcast clouds
332,Edgewater,US,2021-11-07 06:47:04,28.9889,-80.9023,53.02,77,85,12.71,overcast clouds
333,Mtimbira,TZ,2021-11-07 06:47:05,-8.7833,36.35,90.54,38,100,3.6,overcast clouds
334,Bay Roberts,CA,2021-11-07 06:39:28,47.5999,-53.2648,42.51,90,75,4.0,broken clouds
335,La Peca,PE,2021-11-07 06:47:06,-5.6111,-78.435,65.71,79,100,2.51,overcast clouds
336,Swinford,IE,2021-11-07 06:47:06,53.95,-8.95,49.33,87,75,3.44,broken clouds
337,Gatesville,US,2021-11-07 06:47:06,31.4352,-97.7439,52.36,80,1,0.0,clear sky
338,San-Pedro,CI,2021-11-07 06:47:07,4.7485,-6.6363,76.05,92,100,3.29,overcast clouds
339,Vestmannaeyjar,IS,2021-11-07 06:37:54,63.4427,-20.2734,35.2,83,28,15.03,scattered clouds
340,Antofagasta,CL,2021-11-07 06:42:16,-23.65,-70.4,60.08,84,50,4.74,scattered clouds
341,Udachnyy,RU,2021-11-07 06:47:07,66.4167,112.4,13.01,85,100,12.46,overcast clouds
342,Ozerki,RU,2021-11-07 06:47:08,57.6167,39.8833,39.22,87,75,13.42,broken clouds
343,Atambua,ID,2021-11-07 06:47:08,-9.1061,124.8925,83.68,63,100,0.54,overcast clouds
344,Menongue,AO,2021-11-07 06:47:08,-14.6585,17.691,81.81,41,99,1.88,overcast clouds
345,Khatanga,RU,2021-11-07 06:39:25,71.9667,102.5,10.63,80,100,11.39,overcast clouds
346,San Juan,AR,2021-11-07 06:39:07,-31.5375,-68.5364,61.25,41,0,5.88,clear sky
347,Rorvik,NO,2021-11-07 06:47:09,64.8621,11.2373,39.81,71,5,11.48,clear sky
348,Padang,ID,2021-11-07 06:40:24,-0.9492,100.3543,84.25,73,94,5.99,light rain
349,Traralgon,AU,2021-11-07 06:47:10,-38.1833,146.5333,63.84,81,100,1.01,overcast clouds
350,Visby,SE,2021-11-07 06:47:10,57.6409,18.296,48.85,93,90,14.97,heavy intensity rain
351,Saint-Paul,RE,2021-11-07 06:47:10,-21.0096,55.2707,82.74,90,15,1.99,few clouds
352,Iranshahr,IR,2021-11-07 06:47:11,27.2025,60.6848,80.94,24,0,0.0,clear sky
353,Agadir,MA,2021-11-07 06:47:11,30.4202,-9.5982,48.65,35,0,10.83,clear sky
354,Hobyo,SO,2021-11-07 06:38:18,5.3505,48.5268,82.67,58,7,5.97,clear sky
355,Goderich,CA,2021-11-07 06:39:32,43.7501,-81.7165,50.32,57,6,14.97,clear sky
356,Verkhoyansk,RU,2021-11-07 06:47:12,67.5447,133.385,-9.09,86,97,5.86,overcast clouds
357,Saskylakh,RU,2021-11-07 06:37:23,71.9167,114.0833,5.5,94,99,8.23,overcast clouds
358,Keti Bandar,PK,2021-11-07 06:47:12,24.1447,67.4497,87.87,28,4,3.06,clear sky
359,Reggio Di Calabria,IT,2021-11-07 06:47:12,38.1105,15.6613,74.55,57,20,14.97,few clouds
360,Podyuga,RU,2021-11-07 06:47:13,61.095,40.8647,35.53,89,98,10.67,overcast clouds
361,Ostrovnoy,RU,2021-11-07 06:37:58,68.0531,39.5131,32.4,64,100,23.51,overcast clouds
362,Lamu,KE,2021-11-07 06:47:13,-2.2717,40.902,86.22,60,8,9.73,clear sky
363,Dingle,PH,2021-11-07 06:38:06,10.9995,122.6711,84.31,81,98,11.12,overcast clouds
364,Seymchan,RU,2021-11-07 06:47:14,62.8833,152.4333,16.7,85,100,7.27,overcast clouds
365,Rio Grande,BR,2021-11-07 06:38:13,-32.035,-52.0986,58.17,73,98,7.85,overcast clouds
366,Vyshneve,UA,2021-11-07 06:47:14,50.3891,30.3705,40.05,81,0,8.95,clear sky
367,Chifeng,CN,2021-11-07 06:47:14,42.2683,118.9636,19.24,95,100,10.36,light snow
368,Nome,US,2021-11-07 06:46:02,64.5011,-165.4064,8.67,78,20,0.0,few clouds
369,Yamada,JP,2021-11-07 06:39:11,39.4667,141.95,54.81,74,6,3.22,clear sky
370,Pedernales,DO,2021-11-07 06:38:30,18.0384,-71.744,77.83,75,11,2.75,few clouds
371,Doka,SD,2021-11-07 06:47:15,13.5167,35.7667,87.15,39,6,6.31,clear sky
372,Sarai Alamgir,PK,2021-11-07 06:47:15,32.9012,73.7559,73.38,19,0,5.19,clear sky
373,Chara,RU,2021-11-07 06:47:16,56.9064,118.2631,11.32,88,18,0.67,few clouds
374,Tezu,IN,2021-11-07 06:47:16,27.9167,96.1667,81.55,26,98,2.95,overcast clouds
375,Khani,GE,2021-11-07 06:38:32,41.9563,42.9566,44.17,64,17,2.37,few clouds
376,Eyl,SO,2021-11-07 06:47:17,7.9803,49.8164,84.58,50,7,10.98,clear sky
377,Petatlan,MX,2021-11-07 06:47:17,17.5167,-101.2667,73.35,79,100,4.32,overcast clouds
378,Porto Novo,BJ,2021-11-07 06:47:17,6.4965,2.6036,76.82,81,37,2.28,scattered clouds
379,Tilichiki,RU,2021-11-07 06:33:10,60.4667,166.1,25.66,93,100,6.62,overcast clouds
380,Mildura,AU,2021-11-07 06:47:18,-34.2,142.15,73.36,43,40,9.22,scattered clouds
381,Zhigansk,RU,2021-11-07 06:40:47,66.7697,123.3711,0.41,92,100,16.37,overcast clouds
382,Virginia Beach,US,2021-11-07 06:44:27,36.8529,-75.978,58.01,83,1,16.11,clear sky
383,Buta,CD,2021-11-07 06:47:18,2.7858,24.73,79.27,75,41,1.41,scattered clouds
384,Bahir Dar,ET,2021-11-07 06:47:19,11.5936,37.3908,66.04,65,99,3.22,overcast clouds
385,Tutoia,BR,2021-11-07 06:47:19,-2.7619,-42.2744,79.59,84,99,9.35,overcast clouds
386,Lakatoro,VU,2021-11-07 06:47:19,-16.0999,167.4164,79.38,81,100,6.67,moderate rain
387,Laguna,US,2021-11-07 06:47:20,38.421,-121.4238,57.7,81,1,4.61,clear sky
388,Malanje,AO,2021-11-07 06:47:20,-9.5402,16.341,71.64,80,99,2.37,light rain
389,Riyadh,SA,2021-11-07 06:43:15,24.6877,46.7219,75.34,21,2,4.45,clear sky
390,Grand Gaube,MU,2021-11-07 06:39:58,-20.0064,57.6608,81.0,79,16,16.02,few clouds
391,Tarquinia,IT,2021-11-07 06:47:21,42.2482,11.7553,60.8,89,50,13.6,light rain
392,Flin Flon,CA,2021-11-07 06:37:56,54.7682,-101.865,38.03,80,100,8.25,overcast clouds
393,Camacha,PT,2021-11-07 06:39:07,33.0833,-16.3333,63.82,52,40,16.11,scattered clouds
394,Korla,CN,2021-11-07 06:38:54,41.7597,86.1469,35.69,29,0,16.31,clear sky
395,Coruripe,BR,2021-11-07 06:46:34,-10.1256,-36.1756,76.35,90,84,9.13,broken clouds
396,Mnogovershinnyy,RU,2021-11-07 06:47:21,53.9353,139.9242,19.49,66,100,20.54,overcast clouds
397,Mikhaylovskoye,RU,2021-11-07 06:47:22,51.8239,79.7172,33.71,58,92,13.6,overcast clouds
398,Nouadhibou,MR,2021-11-07 06:37:54,20.931,-17.0347,64.38,72,0,19.57,clear sky
399,Port-Gentil,GA,2021-11-07 06:38:29,-0.7193,8.7815,76.96,100,90,10.36,moderate rain
400,Imbituba,BR,2021-11-07 06:47:22,-28.24,-48.6703,68.83,92,100,9.35,overcast clouds
401,Kudat,MY,2021-11-07 06:47:22,6.8837,116.8477,87.73,74,20,6.91,few clouds
402,Yarmouth,US,2021-11-07 06:39:05,41.7057,-70.2286,47.08,83,1,0.0,clear sky
403,La Palma,US,2021-11-07 06:47:23,33.8464,-118.0467,62.65,92,90,3.44,mist
404,Berlevag,NO,2021-11-07 06:39:11,70.8578,29.0864,31.95,87,100,16.17,light snow
405,Ola,RU,2021-11-07 06:39:47,59.5833,151.2833,32.14,81,100,27.96,snow
406,Caldwell,US,2021-11-07 06:44:03,43.6629,-116.6874,48.81,65,90,5.75,overcast clouds
407,Port Augusta,AU,2021-11-07 06:47:24,-32.5,137.7667,77.7,50,0,19.04,clear sky
408,Margate,GB,2021-11-07 06:37:26,51.3813,1.3862,49.69,71,99,1.99,overcast clouds
409,Arlit,NE,2021-11-07 06:40:11,18.7369,7.3853,80.78,13,8,5.61,clear sky
410,La Paz,BO,2021-11-07 06:47:24,-16.5,-68.15,42.78,100,40,6.91,scattered clouds
411,Mahibadhoo,MV,2021-11-07 06:45:49,3.7833,72.9667,81.99,77,15,15.21,few clouds
412,Valparaiso,CL,2021-11-07 06:39:20,-33.0393,-71.6273,51.44,87,0,2.3,clear sky
413,Rocky Mount,US,2021-11-07 06:47:25,35.9382,-77.7905,53.51,71,20,17.27,few clouds
414,Kaeo,NZ,2021-11-07 06:39:32,-35.1,173.7833,61.48,87,51,3.27,broken clouds
415,Kargopol,RU,2021-11-07 06:47:25,61.5071,38.9456,35.01,83,77,6.51,broken clouds
416,Sabha,LY,2021-11-07 06:47:26,27.0377,14.4283,70.95,31,0,12.5,clear sky
417,Flinders,AU,2021-11-07 06:47:26,-34.5833,150.8552,68.2,92,100,7.02,light rain
418,Marienburg,PL,2021-11-07 06:47:26,54.0359,19.0266,49.05,73,100,19.55,overcast clouds
419,Japura,ID,2021-11-07 06:40:31,-0.3167,102.35,91.2,53,100,3.91,overcast clouds
420,Boundiali,CI,2021-11-07 06:47:27,9.5217,-6.4869,72.55,90,6,3.02,light rain
421,Ust-Ishim,RU,2021-11-07 06:47:27,57.6935,71.1665,35.82,58,100,13.02,overcast clouds
422,Nantucket,US,2021-11-07 06:38:19,41.2835,-70.0995,47.08,80,1,4.61,clear sky
423,Varna,BG,2021-11-07 06:47:28,43.2167,27.9167,56.44,94,90,8.05,overcast clouds
424,Nizhnekamsk,RU,2021-11-07 06:44:34,55.6366,51.8245,36.39,100,90,15.66,fog
425,Boden,SE,2021-11-07 06:39:27,65.8252,21.6886,30.2,87,25,8.05,scattered clouds
426,Zarubino,RU,2021-11-07 06:47:28,42.63,131.0922,43.29,55,100,10.78,overcast clouds
427,Manado,ID,2021-11-07 06:47:29,1.487,124.8455,86.77,74,40,4.61,scattered clouds
428,Smithers,CA,2021-11-07 06:41:05,54.7804,-127.1743,30.52,100,90,2.3,mist
429,Sayansk,RU,2021-11-07 06:47:29,54.1088,102.1648,30.31,74,94,5.55,overcast clouds
430,Te Anau,NZ,2021-11-07 06:39:40,-45.4167,167.7167,58.23,76,82,3.27,broken clouds
431,Barcelos,PT,2021-11-07 06:41:00,41.5388,-8.6151,47.68,70,0,4.97,clear sky
432,Silifke,TR,2021-11-07 06:47:30,36.3778,33.9344,74.84,30,19,8.5,few clouds
433,Thomaston,US,2021-11-07 06:44:10,32.8882,-84.3266,49.06,81,1,1.99,clear sky
434,Kamaishi,JP,2021-11-07 06:38:57,39.2667,141.8833,61.75,73,3,2.62,clear sky
435,Soure,BR,2021-11-07 06:40:14,-0.7167,-48.5233,79.66,82,37,5.77,scattered clouds
436,Kruisfontein,ZA,2021-11-07 06:39:44,-34.0033,24.7314,60.89,60,100,7.43,overcast clouds
437,Deputatskiy,RU,2021-11-07 06:37:35,69.3,139.9,-17.45,93,35,5.64,scattered clouds
438,Buchanan,LR,2021-11-07 06:47:31,5.8808,-10.0467,75.16,89,80,4.43,broken clouds
439,Tongzi,CN,2021-11-07 06:47:31,28.7829,105.0877,49.21,41,97,6.38,overcast clouds
440,Breves,BR,2021-11-07 06:47:32,-1.6822,-50.4803,72.93,98,67,0.6,broken clouds
441,Abu Samrah,SY,2021-11-07 06:40:28,35.3029,37.1841,70.3,33,1,2.48,clear sky
442,Kyabe,TD,2021-11-07 06:47:32,9.4515,18.9449,85.05,54,22,0.87,few clouds
443,Beira,MZ,2021-11-07 06:47:32,-19.8436,34.8389,84.29,70,40,5.01,scattered clouds
444,Kendari,ID,2021-11-07 06:47:33,-3.945,122.4989,87.49,60,13,6.4,few clouds
445,Komatipoort,ZA,2021-11-07 06:47:33,-25.4332,31.9548,84.06,46,93,4.99,overcast clouds
446,Otsuki,JP,2021-11-07 06:47:33,35.6,138.9333,63.79,74,21,4.32,few clouds
447,Armidale,AU,2021-11-07 06:47:34,-30.5167,151.65,64.81,91,100,7.61,light rain
448,Shar,KZ,2021-11-07 06:47:34,49.5886,81.0453,27.14,67,19,13.69,few clouds
449,Maceio,BR,2021-11-07 06:36:24,-9.6658,-35.7353,78.24,94,40,2.3,scattered clouds
450,Springdale,US,2021-11-07 06:47:34,36.1867,-94.1288,46.81,89,1,3.44,clear sky
451,Tual,ID,2021-11-07 06:39:49,-5.6667,132.75,84.96,69,100,3.56,overcast clouds
452,Souillac,MU,2021-11-07 06:37:37,-20.5167,57.5167,80.98,69,75,11.5,broken clouds
453,Victoria Point,AU,2021-11-07 06:47:35,-27.5833,153.3,77.22,76,100,4.0,overcast clouds
454,Norman Wells,CA,2021-11-07 06:47:35,65.282,-126.8329,24.84,100,90,2.3,light snow
455,Nara,JP,2021-11-07 06:47:36,34.6851,135.8049,70.97,40,57,9.78,broken clouds
456,Paamiut,GL,2021-11-07 06:45:57,61.994,-49.6678,24.49,66,64,12.15,broken clouds
457,Cairns,AU,2021-11-07 06:34:22,-16.9167,145.7667,94.95,64,3,10.36,clear sky
458,Tera,NE,2021-11-07 06:47:36,14.0078,0.7531,83.16,19,99,4.83,overcast clouds
459,Gizo,SB,2021-11-07 06:47:36,-8.103,156.8419,85.08,64,71,7.0,broken clouds
460,North Bend,US,2021-11-07 06:39:56,43.4065,-124.2243,44.17,97,1,10.36,clear sky
461,Agirish,RU,2021-11-07 06:47:37,61.9247,63.0231,34.9,97,100,11.12,light rain
462,Aqtobe,KZ,2021-11-07 06:47:37,50.2797,57.2072,37.49,22,0,11.18,clear sky
463,Trairi,BR,2021-11-07 06:46:37,-3.2778,-39.2689,78.48,81,22,7.99,few clouds
464,Kondopoga,RU,2021-11-07 06:47:38,62.2057,34.2614,33.48,81,100,6.71,overcast clouds
465,Dwarka,IN,2021-11-07 06:47:38,22.2394,68.9678,84.72,36,20,16.73,few clouds
466,Syzran,RU,2021-11-07 06:47:38,53.1585,48.4681,46.26,79,69,16.13,broken clouds
467,Svetlaya,RU,2021-11-07 06:47:39,46.5389,138.3297,38.01,30,100,4.79,overcast clouds
468,San Quintin,MX,2021-11-07 06:40:48,30.4833,-115.95,61.65,90,28,3.89,scattered clouds
469,Luena,AO,2021-11-07 06:47:39,-11.7833,19.9167,73.58,68,0,5.75,clear sky
470,Bayabas,PH,2021-11-07 06:47:39,16.45,120.5167,79.9,71,57,3.78,broken clouds
471,Lenger,KZ,2021-11-07 06:47:40,42.183,69.8839,38.64,26,0,4.85,clear sky
472,Chik,RU,2021-11-07 06:47:40,54.9928,82.4311,31.75,64,0,15.66,clear sky
473,Saint-Francois,FR,2021-11-07 06:47:40,46.4154,3.9054,36.68,100,90,0.0,fog
474,Zeya,RU,2021-11-07 06:47:41,53.75,127.2667,20.71,40,100,1.77,overcast clouds
475,Huescar,ES,2021-11-07 06:47:41,37.811,-2.5412,35.94,63,0,1.3,clear sky
476,Weihai,CN,2021-11-07 06:47:41,37.5017,122.1136,63.81,65,100,13.44,overcast clouds
477,Dibrugarh,IN,2021-11-07 06:47:41,27.4833,94.9,84.25,58,20,5.75,few clouds
478,Godo,JP,2021-11-07 06:47:42,35.4167,136.6,67.8,76,7,3.33,clear sky
479,Asfi,MA,2021-11-07 06:47:11,32.2994,-9.2372,54.82,55,0,16.37,clear sky
480,Bosaso,SO,2021-11-07 06:47:42,11.2842,49.1816,82.38,65,0,4.61,clear sky
481,Kisangani,CD,2021-11-07 06:47:42,0.5167,25.2,78.53,81,90,2.77,overcast clouds
482,Hoi An,VN,2021-11-07 06:46:00,15.8794,108.335,85.96,69,8,7.38,clear sky
483,Ponta Delgada,PT,2021-11-07 06:47:43,37.7333,-25.6667,69.49,73,40,16.11,scattered clouds
484,Kieta,PG,2021-11-07 06:40:30,-6.2167,155.6333,82.67,75,8,5.7,clear sky
485,Abashiri,JP,2021-11-07 06:47:43,44.0213,144.2697,41.29,87,75,5.75,broken clouds
486,Atasu,KZ,2021-11-07 06:47:44,48.6814,71.6433,39.0,12,5,2.73,clear sky
487,Rosita,NI,2021-11-07 06:47:44,13.9268,-84.4032,73.56,88,93,6.15,overcast clouds
488,Shiraoi,JP,2021-11-07 06:47:44,42.55,141.35,48.38,78,94,2.51,overcast clouds
489,Severobaykalsk,RU,2021-11-07 06:47:45,55.65,109.3167,26.96,56,96,5.14,overcast clouds
490,Novosil,RU,2021-11-07 06:47:45,52.9739,37.0405,44.04,85,100,12.21,overcast clouds
491,Maun,BW,2021-11-07 06:47:45,-19.9833,23.4167,78.76,50,75,3.44,broken clouds
492,Buala,SB,2021-11-07 06:38:45,-8.145,159.5921,82.53,72,40,7.76,scattered clouds
493,Entre Rios,BR,2021-11-07 06:39:11,-11.9419,-38.0844,71.4,98,100,2.8,overcast clouds
494,Saint-Louis,SN,2021-11-07 06:47:46,16.3333,-15.0,76.64,28,100,8.99,overcast clouds
495,Axim,GH,2021-11-07 06:38:00,4.8699,-2.2405,78.53,86,28,4.32,scattered clouds
496,Sinnamary,GF,2021-11-07 06:47:46,5.3833,-52.95,77.13,90,100,8.81,light rain
497,Moissac,FR,2021-11-07 06:47:47,44.1024,1.0945,43.75,82,16,7.0,few clouds
498,Iralaya,HN,2021-11-07 06:47:47,15.0,-83.2333,75.74,94,100,13.85,overcast clouds
499,Morondava,MG,2021-11-07 06:47:47,-20.2833,44.2833,83.17,65,0,8.05,clear sky
500,Vostok,RU,2021-11-07 06:40:37,46.4856,135.8833,24.42,27,100,3.09,overcast clouds
501,Tommot,RU,2021-11-07 06:47:48,58.9564,126.2925,19.71,85,100,8.28,overcast clouds
502,Winnemucca,US,2021-11-07 06:47:48,40.973,-117.7357,42.85,81,90,6.91,overcast clouds
503,Veraval,IN,2021-11-07 06:39:43,20.9,70.3667,87.21,41,34,12.93,scattered clouds
504,Rawson,AR,2021-11-07 06:39:06,-43.3002,-65.1023,65.32,29,100,21.85,overcast clouds
505,Naze,JP,2021-11-07 06:39:21,28.3667,129.4833,74.32,69,54,16.15,broken clouds
506,Yatou,CN,2021-11-07 06:47:49,37.15,122.3833,63.5,67,100,14.81,overcast clouds
507,Waiouru,NZ,2021-11-07 06:47:49,-39.4833,175.6667,51.51,87,17,0.58,few clouds
508,Praya,CV,2021-11-07 06:47:49,14.9215,-23.5087,75.74,78,20,13.8,few clouds
509,Semirom,IR,2021-11-07 06:47:50,31.4167,51.5667,45.25,56,34,3.11,scattered clouds
510,Takoradi,GH,2021-11-07 06:47:50,4.8845,-1.7554,77.63,88,99,5.06,overcast clouds
511,Conakry,GN,2021-11-07 06:47:51,9.538,-13.6773,75.27,88,75,6.91,broken clouds
512,Tura,IN,2021-11-07 06:38:51,25.5198,90.2201,78.03,54,4,2.44,clear sky
513,Ndende,GA,2021-11-07 06:47:51,-2.4008,11.3581,76.84,94,100,0.16,light rain
514,Nioki,CD,2021-11-07 06:47:51,-2.7167,17.6833,72.88,96,100,1.54,overcast clouds
515,Male,MV,2021-11-07 06:47:52,4.1748,73.5089,87.75,70,40,13.8,scattered clouds
516,Pochutla,MX,2021-11-07 06:47:52,15.7432,-96.4661,74.82,77,98,4.61,overcast clouds
517,Lompoc,US,2021-11-07 06:47:52,34.6391,-120.4579,58.32,95,75,0.0,mist
518,Paso De Patria,AR,2021-11-07 06:47:53,-27.2454,-58.5454,66.25,94,0,6.29,light rain
519,Cabinda,AO,2021-11-07 06:47:53,-5.55,12.2,77.14,88,40,4.61,scattered clouds
520,Aswan,EG,2021-11-07 06:39:16,24.0934,32.907,76.3,38,0,9.22,clear sky
521,Dunedin,NZ,2021-11-07 06:38:43,-45.8742,170.5036,52.81,83,100,5.99,overcast clouds
522,Guaruja,BR,2021-11-07 06:47:54,-23.9931,-46.2564,71.2,26,100,6.38,overcast clouds
523,Katherine,AU,2021-11-07 06:47:54,-14.4667,132.2667,95.32,46,75,6.91,broken clouds
524,Saint-Georges,GD,2021-11-07 06:38:15,12.0564,-61.7485,80.28,83,20,14.97,few clouds
525,Itarema,BR,2021-11-07 06:47:54,-2.9248,-39.9167,77.65,84,30,9.24,scattered clouds
526,Sorland,NO,2021-11-07 06:47:55,67.667,12.6934,39.27,65,97,9.31,overcast clouds
527,Aksu,CN,2021-11-07 06:39:11,41.1231,80.2644,37.51,24,0,6.76,clear sky
528,Tuy Hoa,VN,2021-11-07 06:47:55,13.0833,109.3,81.84,73,87,8.23,overcast clouds
529,Ruangwa,TZ,2021-11-07 06:47:55,-10.0667,38.9333,86.74,48,100,5.14,overcast clouds
530,Myskhako,RU,2021-11-07 06:47:56,44.6714,37.7433,51.58,83,77,4.9,broken clouds
531,Iqaluit,CA,2021-11-07 06:37:59,63.7506,-68.5145,19.13,73,20,13.0,few clouds
532,Mazarron,ES,2021-11-07 06:47:56,37.5992,-1.3149,51.44,45,16,7.72,few clouds
533,Nuevo Casas Grandes,MX,2021-11-07 06:47:57,30.4167,-107.9167,59.38,27,0,4.0,clear sky
534,Rena,NO,2021-11-07 06:47:57,61.1348,11.3641,32.95,96,100,5.17,light snow
535,Almenara,BR,2021-11-07 06:47:57,-16.1836,-40.6944,71.2,98,100,1.74,overcast clouds
536,Aklavik,CA,2021-11-07 06:47:57,68.2191,-135.0107,11.23,98,60,3.0,broken clouds
537,Deep River,CA,2021-11-07 06:45:51,46.1001,-77.4995,42.55,95,8,4.54,clear sky
538,Pisco,PE,2021-11-07 06:38:42,-13.7,-76.2167,62.65,88,99,4.61,mist
539,Krasnoselkup,RU,2021-11-07 06:47:58,65.7,82.4667,33.35,98,100,19.51,light snow
540,Egvekinot,RU,2021-11-07 06:35:14,66.3167,-179.1667,-5.19,91,100,1.43,overcast clouds
541,Ayorou,NE,2021-11-07 06:47:59,14.7308,0.9174,82.9,17,14,7.58,few clouds
542,Qianan,CN,2021-11-07 06:47:59,44.9932,124.0581,26.04,58,100,6.8,snow
543,Zvishavane,ZW,2021-11-07 06:47:59,-20.3267,30.0665,89.01,23,22,6.06,few clouds
544,Port Keats,AU,2021-11-07 06:39:12,-14.25,129.55,89.4,56,28,7.81,scattered clouds
545,Bilibino,RU,2021-11-07 06:40:20,68.0546,166.4372,11.77,97,100,0.98,light snow
546,Lethem,GY,2021-11-07 06:48:00,3.3803,-59.7968,74.86,88,99,7.76,overcast clouds
547,Banepa,NP,2021-11-07 06:48:00,27.6298,85.5214,68.32,40,20,3.44,few clouds
548,Beatrice,US,2021-11-07 06:48:01,40.2681,-96.747,54.86,82,1,9.22,clear sky
549,Yuci,CN,2021-11-07 06:48:01,37.6803,112.7319,28.15,46,0,20.13,clear sky
550,Alice Springs,AU,2021-11-07 06:40:47,-23.7,133.8833,72.95,68,90,6.91,overcast clouds
551,Olafsvik,IS,2021-11-07 06:39:17,64.8945,-23.7142,32.61,74,65,9.55,broken clouds
552,Cabedelo,BR,2021-11-07 06:36:25,-6.9811,-34.8339,79.47,81,37,12.71,scattered clouds
553,Baoqing,CN,2021-11-07 06:48:02,46.3317,132.2111,28.65,43,100,2.82,overcast clouds
554,Prado,BR,2021-11-07 06:48:02,-17.3411,-39.2208,70.18,90,99,3.62,overcast clouds
555,Shu,KZ,2021-11-07 06:48:02,43.5983,73.7614,40.71,26,0,2.13,clear sky
556,Pringsewu,ID,2021-11-07 06:48:03,-5.3582,104.9744,87.4,57,100,1.86,overcast clouds
557,San Andres,CO,2021-11-07 06:48:03,12.5847,-81.7006,82.42,83,75,3.44,broken clouds
558,Whitianga,NZ,2021-11-07 06:48:03,-36.8333,175.7,62.49,86,52,5.37,light rain
559,Wajir,KE,2021-11-07 06:48:04,1.7471,40.0573,82.36,61,75,5.75,broken clouds
560,Corn Island,NI,2021-11-07 06:48:04,12.1694,-83.0418,80.73,80,100,18.01,overcast clouds
561,Comodoro Rivadavia,AR,2021-11-07 06:44:31,-45.8667,-67.5,64.26,34,0,26.46,clear sky
562,Nagyvenyim,HU,2021-11-07 06:48:05,46.9561,18.859,46.63,78,95,2.42,overcast clouds
563,Brainerd,US,2021-11-07 06:47:11,46.358,-94.2008,37.06,86,1,0.0,clear sky
564,Eureka,US,2021-11-07 06:38:23,40.8021,-124.1637,47.62,93,74,6.2,broken clouds
565,San Rafael,AR,2021-11-07 06:48:05,-34.6177,-68.3301,53.87,55,0,3.89,clear sky
566,Cap Malheureux,MU,2021-11-07 06:40:43,-19.9842,57.6142,81.09,78,12,15.79,few clouds
567,Houma,US,2021-11-07 06:47:58,29.5958,-90.7195,55.4,94,0,1.99,clear sky
568,Mendoza,AR,2021-11-07 06:48:06,-32.8908,-68.8272,58.53,63,0,0.0,clear sky
569,Herat,AF,2021-11-07 06:48:06,34.5,62.0,45.21,32,100,6.24,overcast clouds
570,Veranopolis,BR,2021-11-07 06:44:17,-28.9361,-51.5494,59.16,98,100,2.98,overcast clouds
571,Ancud,CL,2021-11-07 06:40:21,-41.8697,-73.8203,50.43,90,73,1.12,broken clouds
572,Priladozhskiy,RU,2021-11-07 06:48:07,59.85,31.4833,39.61,70,100,9.51,overcast clouds
573,Punta De Bombon,PE,2021-11-07 06:48:07,-17.1717,-71.7931,63.52,85,100,7.4,overcast clouds
574,Tonder,DK,2021-11-07 06:48:07,54.9331,8.8667,48.24,92,50,1.99,scattered clouds
575,Hualmay,PE,2021-11-07 06:48:08,-11.0964,-77.6139,63.21,89,78,8.3,broken clouds
576,Torbay,CA,2021-11-07 06:35:29,47.6666,-52.7314,41.76,88,75,13.8,broken clouds
577,Sao Francisco,BR,2021-11-07 06:48:08,-15.9486,-44.8644,72.46,82,99,4.79,overcast clouds
578,Channel-Port Aux Basques,CA,2021-11-07 06:45:09,47.5702,-59.1367,47.16,79,45,24.34,scattered clouds
579,Partizanskoye,RU,2021-11-07 06:48:09,55.5006,94.39,31.69,65,100,19.57,overcast clouds
580,Collie,AU,2021-11-07 06:48:09,-33.3667,116.15,66.97,33,87,6.96,overcast clouds
581,Pipar,IN,2021-11-07 06:48:09,26.3856,73.5378,87.73,16,7,2.28,clear sky
582,Ojinaga,MX,2021-11-07 06:48:10,29.5667,-104.4167,65.35,42,1,9.22,clear sky
583,Elbistan,TR,2021-11-07 06:48:10,38.2059,37.1983,55.08,27,10,2.21,clear sky
584,Khotkovo,RU,2021-11-07 06:48:10,56.257,37.9954,38.98,71,98,10.89,overcast clouds
585,Richards Bay,ZA,2021-11-07 06:40:50,-28.783,32.0377,74.08,79,100,3.11,overcast clouds
586,Puerto Leguizamo,CO,2021-11-07 06:40:44,-0.1934,-74.7819,70.57,99,94,2.24,overcast clouds
587,Sao Felix Do Xingu,BR,2021-11-07 06:47:05,-6.6447,-51.995,70.39,99,100,0.4,overcast clouds
588,Belmonte,BR,2021-11-07 06:48:11,-15.8631,-38.8828,72.1,91,100,6.73,overcast clouds
589,Inta,RU,2021-11-07 06:48:11,66.0317,60.1659,33.44,98,100,12.57,light snow
590,Vilhena,BR,2021-11-07 06:35:39,-12.7406,-60.1458,66.33,99,100,3.51,overcast clouds
591,Marystown,CA,2021-11-07 06:39:36,47.1666,-55.1483,44.85,100,76,1.99,broken clouds
592,Taoudenni,ML,2021-11-07 06:48:12,22.6783,-3.9836,71.58,21,40,6.85,scattered clouds
593,Shitkino,RU,2021-11-07 06:48:12,56.3703,98.3543,32.04,69,100,11.56,overcast clouds
594,Wonthaggi,AU,2021-11-07 06:43:54,-38.6044,145.5913,61.2,62,10,8.77,clear sky
595,Carndonagh,IE,2021-11-07 06:48:13,55.25,-7.2667,48.4,65,100,20.33,overcast clouds
596,Baruun-Urt,MN,2021-11-07 06:39:04,46.6806,113.2792,21.94,31,0,9.55,clear sky
597,Culfa,AZ,2021-11-07 06:48:13,38.9558,45.6308,55.27,50,0,1.01,clear sky
598,Porbandar,IN,2021-11-07 06:48:13,21.6422,69.6093,84.18,30,15,13.8,few clouds
599,Zyryanka,RU,2021-11-07 06:48:14,65.75,150.85,7.54,94,100,14.63,light snow
600,Beniganj,IN,2021-11-07 06:48:14,27.2833,80.45,80.31,32,28,6.13,scattered clouds
601,Nelson Bay,AU,2021-11-07 06:40:07,-32.7167,152.15,75.76,72,100,1.01,light rain
602,Paita,PE,2021-11-07 06:48:15,-5.0892,-81.1144,63.36,87,45,9.78,scattered clouds
603,Trujillo,PE,2021-11-07 06:44:49,-8.116,-79.03,63.88,89,59,4.45,broken clouds
604,Akyab,MM,2021-11-07 06:48:15,20.15,92.9,82.65,68,10,6.22,clear sky
605,Manavalakurichi,IN,2021-11-07 06:39:38,8.1333,77.3,84.29,67,97,12.44,moderate rain
606,Sao Joao Da Barra,BR,2021-11-07 06:43:53,-21.6403,-41.0511,65.48,88,51,7.85,broken clouds
607,Choix,MX,2021-11-07 06:48:16,26.7092,-108.3219,71.67,48,100,3.51,overcast clouds
608,Mayo,US,2021-11-07 06:38:27,38.8876,-76.5119,47.95,88,1,1.99,clear sky
609,Waingapu,ID,2021-11-07 06:48:16,-9.6567,120.2641,88.07,62,87,8.93,overcast clouds
610,Nioro,GM,2021-11-07 06:38:16,13.35,-15.75,75.13,54,11,4.36,few clouds
611,Ulladulla,AU,2021-11-07 06:48:17,-35.35,150.4667,67.77,93,100,7.31,light rain
612,Nizhniy Chir,RU,2021-11-07 06:48:17,48.3597,43.0865,46.9,65,3,11.68,clear sky
613,Binga,ZW,2021-11-07 06:48:17,-17.6203,27.3414,89.22,29,1,9.42,clear sky
614,Orocue,CO,2021-11-07 06:48:17,4.7912,-71.3354,75.04,82,90,4.81,overcast clouds
615,Alugan,PH,2021-11-07 06:48:18,12.2188,125.4808,82.85,83,100,7.67,overcast clouds
616,Nauta,PE,2021-11-07 06:48:18,-4.5061,-73.5757,71.47,98,69,1.36,broken clouds
617,Mastic Beach,US,2021-11-07 06:48:19,40.7668,-72.8521,47.39,86,1,0.0,clear sky
618,Huarmey,PE,2021-11-07 06:48:19,-10.0681,-78.1522,63.43,91,94,6.53,overcast clouds
619,Zaanstad,NL,2021-11-07 06:48:19,52.4531,4.8125,53.58,75,40,13.0,scattered clouds
620,Nicoya,CR,2021-11-07 06:48:20,10.1483,-85.452,72.95,93,100,3.91,overcast clouds
621,Kavaratti,IN,2021-11-07 06:48:20,10.5669,72.642,81.68,74,100,7.07,overcast clouds
622,Koslan,RU,2021-11-07 06:48:20,63.4564,48.8989,34.72,97,100,7.9,overcast clouds
623,Puteyets,RU,2021-11-07 06:48:21,65.1716,57.091,33.44,98,100,8.63,light snow
624,Berdigestyakh,RU,2021-11-07 06:40:26,62.0989,126.6992,5.74,98,100,2.86,overcast clouds
625,Nouakchott,MR,2021-11-07 06:38:34,18.0858,-15.9785,69.73,45,26,13.18,scattered clouds
626,Haines Junction,CA,2021-11-07 06:48:21,60.7522,-137.5108,15.75,92,8,3.44,clear sky
627,Prabumulih,ID,2021-11-07 06:48:22,-3.45,104.25,85.64,72,100,1.48,overcast clouds
628,Hami,CN,2021-11-07 06:48:22,42.8,93.45,31.26,30,0,4.85,clear sky
629,Milford,US,2021-11-07 06:48:22,41.2223,-73.0565,43.99,83,1,0.0,clear sky
630,Medea,DZ,2021-11-07 06:48:23,36.2642,2.7539,48.65,96,100,12.8,overcast clouds
631,Pandoh,IN,2021-11-07 06:48:23,31.6833,77.05,74.86,21,0,5.57,clear sky
632,Tabas,IR,2021-11-07 06:48:23,33.5959,56.9244,59.22,17,75,2.3,broken clouds
633,Khandbari,NP,2021-11-07 06:48:24,27.3747,87.2039,70.38,61,57,4.88,broken clouds
634,Yumen,CN,2021-11-07 06:39:21,40.2833,97.2,29.34,31,0,3.53,clear sky
635,Jamsa,FI,2021-11-07 06:48:24,61.8642,25.19,35.35,95,64,2.64,broken clouds
636,Genhe,CN,2021-11-07 06:48:24,50.7833,121.5167,24.28,39,1,8.25,clear sky
637,Georgiyevka,KZ,2021-11-07 06:48:25,43.0369,74.7114,33.84,64,0,4.47,smoke
638,Marrakesh,MA,2021-11-07 06:48:25,31.6315,-8.0083,46.47,66,0,4.61,clear sky
639,Hengshui,CN,2021-11-07 06:48:26,37.7322,115.7011,31.24,97,100,5.75,light snow
640,Lumphat,KH,2021-11-07 06:48:26,13.4878,106.9816,89.28,56,20,7.31,few clouds
641,Destin,US,2021-11-07 06:48:26,30.3935,-86.4958,54.01,76,1,1.01,clear sky
642,Pipri,IN,2021-11-07 06:48:27,19.8,75.5333,82.98,57,40,6.91,haze
643,Cap-Aux-Meules,CA,2021-11-07 06:48:27,47.3821,-61.8597,46.42,71,4,18.41,clear sky
644,Hazorasp,UZ,2021-11-07 06:48:27,41.3194,61.0742,42.64,14,6,3.18,clear sky
645,Portland,US,2021-11-07 06:38:57,45.5234,-122.6762,45.18,92,75,1.99,light rain
646,Abay,KZ,2021-11-07 06:48:28,49.6311,72.8539,35.98,45,7,7.07,clear sky
647,Kitami,JP,2021-11-07 06:39:57,43.8031,143.8908,40.46,97,100,4.47,overcast clouds
648,Qasigiannguit,GL,2021-11-07 06:48:28,68.8193,-51.1922,17.85,96,100,2.75,light snow
649,Scottsbluff,US,2021-11-07 06:47:58,41.8666,-103.6672,46.83,70,1,9.22,clear sky
650,Pleasanton,US,2021-11-07 06:45:23,37.6624,-121.8747,56.93,82,40,5.75,scattered clouds
651,Sambava,MG,2021-11-07 06:39:21,-14.2667,50.1667,83.05,58,38,12.35,scattered clouds
652,Dubbo,AU,2021-11-07 06:48:29,-32.25,148.6167,69.93,64,90,3.44,light rain
653,San Vicente,AR,2021-11-07 06:48:29,-26.6167,-54.1333,59.27,100,44,2.75,scattered clouds
654,Athabasca,CA,2021-11-07 06:45:54,54.7169,-113.2854,31.82,60,87,2.95,overcast clouds
655,Belaya Gora,RU,2021-11-07 06:40:42,68.5333,146.4167,-11.54,96,87,3.6,overcast clouds
656,Almaznyy,RU,2021-11-07 06:40:07,48.0448,40.045,42.94,63,0,8.77,clear sky
657,Sola,VU,2021-11-07 06:48:30,-13.8833,167.55,84.87,79,75,0.0,broken clouds
658,Cantanhede,BR,2021-11-07 06:48:30,-3.6333,-44.3767,74.52,96,100,1.39,overcast clouds
659,Bonfim,BR,2021-11-07 06:48:31,3.0833,-59.95,76.05,83,98,5.82,overcast clouds
660,Frutal,BR,2021-11-07 06:46:33,-20.0247,-48.9406,73.0,79,98,5.01,overcast clouds
661,Fort Nelson,CA,2021-11-07 06:39:37,58.8053,-122.7002,29.79,93,90,5.75,light snow
662,Kashiwazaki,JP,2021-11-07 06:48:31,37.3667,138.55,61.88,64,0,10.67,clear sky
663,Vologda,RU,2021-11-07 06:48:31,59.2187,39.8886,37.17,78,100,14.56,light rain
664,Shakawe,BW,2021-11-07 06:40:51,-18.3667,21.85,86.47,27,92,7.07,overcast clouds
665,Mizan Teferi,ET,2021-11-07 06:48:32,6.9833,35.5833,71.67,70,80,0.54,light rain
666,Chongwe,ZM,2021-11-07 06:48:32,-15.3292,28.682,89.04,19,3,9.71,clear sky
667,Atlantic City,US,2021-11-07 06:47:19,39.3643,-74.4229,46.0,76,70,10.07,broken clouds
668,Chicama,PE,2021-11-07 06:40:36,-7.8447,-79.1469,64.06,86,39,4.63,scattered clouds
669,Nuuk,GL,2021-11-07 06:48:33,64.1835,-51.7216,30.81,59,75,17.27,broken clouds
670,Thunder Bay,CA,2021-11-07 06:36:07,48.4001,-89.3168,50.56,94,1,5.75,clear sky
671,Heihe,CN,2021-11-07 06:48:33,50.2441,127.4902,30.78,55,76,3.18,broken clouds
672,Bartica,GY,2021-11-07 06:48:34,6.4,-58.6167,75.52,99,100,2.15,moderate rain
673,Suluq,LY,2021-11-07 06:48:34,31.6682,20.2521,70.7,44,100,10.33,overcast clouds
674,Tubuala,PA,2021-11-07 06:48:34,9.5167,-79.0333,78.33,81,100,4.41,overcast clouds
675,Trinidad,BO,2021-11-07 06:48:34,-14.8333,-64.9,65.46,80,100,3.85,overcast clouds
676,Boyuibe,BO,2021-11-07 06:48:35,-20.4167,-63.2833,57.56,73,100,5.26,overcast clouds
677,Vrangel,RU,2021-11-07 06:48:35,42.7297,133.0839,47.07,70,85,0.98,overcast clouds
678,Byron Bay,AU,2021-11-07 06:48:35,-28.65,153.6167,80.71,77,94,16.28,overcast clouds
679,Ust-Tsilma,RU,2021-11-07 06:48:36,65.441,52.1498,33.73,98,100,6.38,light rain
680,Sao Jose Da Coroa Grande,BR,2021-11-07 06:39:34,-8.8978,-35.1478,77.59,85,23,10.49,few clouds
681,Littlehampton,GB,2021-11-07 06:48:36,50.8069,-0.5378,49.5,88,81,15.79,broken clouds
682,Khipro,PK,2021-11-07 06:48:36,25.8285,69.3772,91.29,15,0,2.73,clear sky
683,Dneprovskaya,RU,2021-11-07 06:48:37,45.6236,38.8081,54.05,67,10,7.23,clear sky
684,Waipawa,NZ,2021-11-07 06:48:37,-41.4122,175.5153,62.46,90,9,4.97,clear sky
685,Vargem Grande,BR,2021-11-07 06:48:37,-3.5431,-43.9158,73.72,97,100,1.86,overcast clouds
686,Elko,US,2021-11-07 06:45:51,41.0002,-115.5012,42.64,70,100,7.0,overcast clouds
687,Khandyga,RU,2021-11-07 06:40:41,62.6667,135.6,-7.83,100,99,1.48,overcast clouds
688,Opuwo,NA,2021-11-07 06:48:38,-18.0607,13.84,79.52,22,100,4.23,overcast clouds
689,Zavodouspenskoye,RU,2021-11-07 06:48:38,56.8626,65.0155,41.22,56,100,13.82,overcast clouds
690,Guayaramerin,BO,2021-11-07 06:48:39,-10.8368,-65.3614,72.3,98,100,1.28,overcast clouds
691,San Lawrenz,MT,2021-11-07 06:48:39,36.0553,14.204,73.85,73,100,8.01,overcast clouds
692,Atar,MR,2021-11-07 06:40:00,20.5169,-13.0499,68.43,32,0,7.05,clear sky
693,Aleksandrov Gay,RU,2021-11-07 06:48:40,50.147,48.5704,42.31,76,100,14.29,overcast clouds
694,Kaseda,JP,2021-11-07 06:48:40,31.4167,130.3167,72.63,60,19,9.26,few clouds
695,Kysyl-Syr,RU,2021-11-07 06:39:50,63.8986,122.7617,5.97,98,100,4.14,overcast clouds
696,Nampula,MZ,2021-11-07 06:48:41,-15.1165,39.2666,92.19,22,13,4.47,few clouds
697,Sosnovoborsk,RU,2021-11-07 06:48:41,56.1325,93.3589,35.15,63,100,17.34,overcast clouds
698,San Jeronimo,PE,2021-11-07 06:39:13,-11.9472,-75.2829,48.99,84,100,0.69,overcast clouds
699,Bereznik,RU,2021-11-07 06:48:41,62.8551,42.7072,33.96,89,96,7.83,overcast clouds
700,Derazhnya,UA,2021-11-07 06:48:42,49.2692,27.4338,41.05,70,100,8.16,overcast clouds
701,Mecca,SA,2021-11-07 06:46:59,21.4267,39.8261,86.49,33,0,3.67,clear sky
702,Escanaba,US,2021-11-07 06:48:42,45.7453,-87.0646,52.11,84,1,0.0,clear sky
703,Bereda,ES,2021-11-07 06:48:43,43.2686,-7.5406,38.41,98,91,3.24,overcast clouds
704,George,ZA,2021-11-07 06:48:43,-33.963,22.4617,58.55,72,90,3.44,overcast clouds
705,Urucara,BR,2021-11-07 06:48:43,-2.5364,-57.76,73.15,98,32,1.99,scattered clouds
706,Poya,NC,2021-11-07 06:40:06,-21.35,165.15,73.87,64,100,5.99,overcast clouds
707,Conway,US,2021-11-07 06:46:41,35.0887,-92.4421,45.7,96,75,0.0,broken clouds
708,Shingu,JP,2021-11-07 06:48:44,33.7333,135.9833,67.19,86,100,20.24,light rain
709,Bulawayo,ZW,2021-11-07 06:48:44,-20.15,28.5833,87.15,22,34,10.87,scattered clouds
710,Celestun,MX,2021-11-07 06:48:45,20.8667,-90.4,74.3,75,9,8.14,clear sky
711,Ngunguru,NZ,2021-11-07 06:48:45,-35.6167,174.5,62.58,84,28,6.73,scattered clouds
712,Panguna,PG,2021-11-07 06:48:45,-6.3164,155.4848,73.18,89,21,2.13,light rain
713,Kantang,TH,2021-11-07 06:48:46,7.4054,99.5156,91.49,62,40,9.22,scattered clouds
714,Soloneshnoye,RU,2021-11-07 06:48:46,51.6544,84.3197,35.56,62,19,0.89,few clouds
